Workbook

Sheet Instruções
A1: MODELO DE ANÁLISE DA LEI DE BENFORD
A2: Uso: extratos, balanços, balancetes, razão, NFs, folha — qualquer lista de valores monetários.
A4: COMO USAR
A5: 1. Aba 'Dados': cole os valores na coluna A (a partir da linha 5, até 5.000 linhas). Use UM tipo de dado por análise (ex.: só saídas do extrato, ou só saldos do balancete).
A6: 2. Cole como VALOR (Colar Especial > Valores) e remova totais/subtotais — eles distorcem o teste. Débito e crédito: cole juntos; o sinal é ignorado.
A7: 3. Aba 'Benford_1D': preencha cliente/período (células amarelas) e o valor mínimo (padrão R$ 1,00; Nigrini sugere ignorar valores muito pequenos).
A8: 4. Leia o resumo: MAD (principal), qui-quadrado, Z por dígito. Dígitos em vermelho = desvio estatisticamente relevante.
A9: 5. 'Benford_2D' repete o teste com os dois primeiros dígitos (10–99): mais sensível, detecta arredondamento e valores 'plantados' (ex.: muitos 49, 99).
A11: INTERPRETAÇÃO (MAD — Nigrini)
A12: 1º dígito: ≤0,006 estreita | ≤0,012 aceitável | ≤0,015 marginal | >0,015 não conformidade.
A13: 2 dígitos: ≤0,0012 estreita | ≤0,0018 aceitável | ≤0,0022 marginal | >0,0022 não conformidade.
A15: CAUTELAS
... A22: EXEMPLO de linha em 'Dados': A5 = 12.480,35 | B5 = 'Pagto fornecedor X'.

Sheet Dados
A1: DADOS — cole os valores na coluna A (a partir da linha 5)
A2: Colunas C e D são fórmulas: não editar. Valores < mínimo definido em Benford_1D!B5 ou zero ficam de fora.
A4: Valor (R$) | B4: Descrição (opcional) | C4: 1º dígito | D4: 2 primeiros dígitos
C5: =IF(ISNUMBER(A5),IF(ABS(A5)>=Benford_1D!$B$5,VALUE(LEFT(TEXT(ABS(A5),"0.0000000E+00"),1)),""),"") | D5: =IF(C5="","",VALUE(LEFT(TEXT(ABS(A5),"0.0000000E+00"),1)&MID(TEXT(ABS(A5),"0.0000000E+00"),3,1)))
C6: =IF(ISNUMBER(A6),IF(ABS(A6)>=Benford_1D!$B$5,VALUE(LEFT(TEXT(ABS(A6),"0.0000000E+00"),1)),""),"") | D6: =IF(C6="","",VALUE(LEFT(TEXT(ABS(A6),"0.0000000E+00"),1)&MID(TEXT(ABS(A6),"0.0000000E+00"),3,1)))
C7: =IF(ISNUMBER(A7),IF(ABS(A7)>=Benford_1D!$B$5,VALUE(LEFT(TEXT(ABS(A7),"0.0000000E+00"),1)),""),"") | D7: =IF(C7="","",VALUE(LEFT(TEXT(ABS(A7),"0.0000000E+00"),1)&MID(TEXT(ABS(A7),"0.0000000E+00"),3,1)))
C8: =IF(ISNUMBER(A8),IF(ABS(A8)>=Benford_1D!$B$5,VALUE(LEFT(TEXT(ABS(A8),"0.0000000E+00"),1)),""),"") | D8: =IF(C8="","",VALUE(LEFT(TEXT(ABS(A8),"0.0000000E+00"),1)&MID(TEXT(ABS(A8),"0.0000000E+00"),3,1)))
C9: =IF(ISNUMBER(A9),IF(ABS(A9)>=Benford_1D!$B$5,VALUE(LEFT(TEXT(ABS(A9),"0.0000000E+00"),1)),""),"") | D9: =IF(C9="","",VALUE(LEFT(TEXT(ABS(A9),"0.0000000E+00"),1)&MID(TEXT(ABS(A9),"0.0000000E+00"),3,1)))
C10: =IF(ISNUMBER(A10),IF(ABS(A10)>=Benford_1D!$B$5,VALUE(LEFT(TEXT(ABS(A10),"0.0000000E+00"),1)),""),"") | D10: =IF(C10="","",VALUE(LEFT(TEXT(ABS(A10),"0.0000000E+00"),1)&MID(TEXT(ABS(A10),"0.0000000E+00"),3,1)))
C11: =IF(ISNUMBER(A11),IF(ABS(A11)>=Benford_1D!$B$5,VALUE(LEFT(TEXT(ABS(A11),"0.0000000E+00"),1)),""),"") | D11: =IF(C11="","",VALUE(LEFT(TEXT(ABS(A11),"0.0000000E+00"),1)&MID(TEXT(ABS(A11),"0.0000000E+00"),3,1)))
C12: =IF(ISNUMBER(A12),IF(ABS(A12)>=Benford_1D!$B$5,VALUE(LEFT(TEXT(ABS(A12),"0.0000000E+00"),1)),""),"") | D12: =IF(C12="","",VALUE(LEFT(TEXT(ABS(A12),"0.0000000E+00"),1)&MID(TEXT(ABS(A12),"0.0000000E+00"),3,1)))
C13: =IF(ISNUMBER(A13),IF(ABS(A13)>=Benford_1D!$B$5,VALUE(LEFT(TEXT(ABS(A13),"0.0000000E+00"),1)),""),"") | D13: =IF(C13="","",VALUE(LEFT(TEXT(ABS(A13),"0.0000000E+00"),1)&MID(TEXT(ABS(A13),"0.0000000E+00"),3,1)))
C14: =IF(ISNUMBER(A14),IF(ABS(A14)>=Benford_1D!$B$5,VALUE(LEFT(TEXT(ABS(A14),"0.0000000E+00"),1)),""),"") | D14: =IF(C14="","",VALUE(LEFT(TEXT(ABS(A14),"0.0000000E+00"),1)&MID(TEXT(ABS(A14),"0.0000000E+00"),3,1)))
C15: =IF(ISNUMBER(A15),IF(ABS(A15)>=Benford_1D!$B$5,VALUE(LEFT(TEXT(ABS(A15),"0.0000000E+00"),1)),""),"") | D15: =IF(C15="","",VALUE(LEFT(TEXT(ABS(A15),"0.0000000E+00"),1)&MID(TEXT(ABS(A15),"0.0000000E+00"),3,1)))
C16: =IF(ISNUMBER(A16),IF(ABS(A16)>=Benford_1D!$B$5,VALUE(LEFT(TEXT(ABS(A16),"0.0000000E+00"),1)),""),"") | D16: =IF(C16="","",VALUE(LEFT(TEXT(ABS(A16),"0.0000000E+00"),1)&MID(TEXT(ABS(A16),"0.0000000E+00"),3,1)))
... C5004: =IF(ISNUMBER(A5004),IF(ABS(A5004)>=Benford_1D!$B$5,VALUE(LEFT(TEXT(ABS(A5004),"0.0000000E+00"),1)),""),"") | D5004: =IF(C5004="","",VALUE(LEFT(TEXT(ABS(A5004),"0.0000000E+00"),1)&MID(TEXT(ABS(A5004),"0.0000000E+00"),3,1)))

Sheet Benford_1D
A1: LEI DE BENFORD — 1º DÍGITO
A3: Cliente
A4: Período
A5: Valor mínimo considerado (R$) | B5: 1
A6: Z crítico (95% = 1,96) | B6: 1.96
A8: Lançamentos analisados (n) | B8: =COUNT(Dados![1, 2, 3, 4, 5, 6, 7, 8, 9]5:[1, 2, 3, 4, 5, 6, 7, 8, 9]5004)
A9: Qui-quadrado (χ²) | B9: =SUM(I18:I26)
A10: p-valor (gl=8) | B10: =IF(B8=0,"",CHIDIST(B9,8))
A11: MAD (desvio médio absoluto) | B11: =IF(B8=0,"",AVERAGE(J18:J26))
A12: Conformidade (MAD) | B12: =IF(B8=0,"Sem dados",IF(B11<=0.006,"Conformidade estreita",IF(B11<=0.012,"Conformidade aceitável",IF(B11<=0.015,"Conformidade marginal","NÃO CONFORMIDADE — investigar"))))
A13: Teste χ² (5%) | B13: =IF(B8=0,"Sem dados",IF(B10<0.05,"Rejeita Benford (p<5%)","Não rejeita Benford"))
A14: Qualidade da amostra | B14: =IF(B8<300,"ATENÇÃO: amostra pequena (mín. 300)","Tamanho adequado")
A15: Dígitos em alerta (|Z|>crítico) | B15: =COUNTIF(H18:H26,"ALERTA")
A17: 1º dígito | B17: Qtd observada | C17: % observado | D17: % esperado (Benford) | E17: Qtd esperada | F17: Desvio (obs−esp) | G17: Z | H17: Alerta | I17: χ² parcial | J17: |Desvio|
A18: 1 | B18: =COUNTIF(Dados!$[1, 2, 3, 4, 5, 6, 7, 8, 9]$5:$[1, 2, 3, 4, 5, 6, 7, 8, 9]$5004,A18) | C18: =IF($B$8=0,0,B18/$B$8) | D18: =LOG10(1+1/A18) | E18: =D18*$B$8 | F18: =C18-D18 | G18: =IF($B$8=0,"",(ABS(F18)-1/(2*$B$8))/SQRT(D18*(1-D18)/$B$8)) | H18: =IF($B$8=0,"",IF(G18>$B$6,"ALERTA","ok")) | I18: =IF($B$8=0,0,(B18-E18)^2/E18) | J18: =ABS(F18)
A19: 2 | B19: =COUNTIF(Dados!$[1, 2, 3, 4, 5, 6, 7, 8, 9]$5:$[1, 2, 3, 4, 5, 6, 7, 8, 9]$5004,A19) | C19: =IF($B$8=0,0,B19/$B$8) | D19: =LOG10(1+1/A19) | E19: =D19*$B$8 | F19: =C19-D19 | G19: =IF($B$8=0,"",(ABS(F19)-1/(2*$B$8))/SQRT(D19*(1-D19)/$B$8)) | H19: =IF($B$8=0,"",IF(G19>$B$6,"ALERTA","ok")) | I19: =IF($B$8=0,0,(B19-E19)^2/E19) | J19: =ABS(F19)
A20: 3 | B20: =COUNTIF(Dados!$[1, 2, 3, 4, 5, 6, 7, 8, 9]$5:$[1, 2, 3, 4, 5, 6, 7, 8, 9]$5004,A20) | C20: =IF($B$8=0,0,B20/$B$8) | D20: =LOG10(1+1/A20) | E20: =D20*$B$8 | F20: =C20-D20 | G20: =IF($B$8=0,"",(ABS(F20)-1/(2*$B$8))/SQRT(D20*(1-D20)/$B$8)) | H20: =IF($B$8=0,"",IF(G20>$B$6,"ALERTA","ok")) | I20: =IF($B$8=0,0,(B20-E20)^2/E20) | J20: =ABS(F20)
A21: 4 | B21: =COUNTIF(Dados!$[1, 2, 3, 4, 5, 6, 7, 8, 9]$5:$[1, 2, 3, 4, 5, 6, 7, 8, 9]$5004,A21) | C21: =IF($B$8=0,0,B21/$B$8) | D21: =LOG10(1+1/A21) | E21: =D21*$B$8 | F21: =C21-D21 | G21: =IF($B$8=0,"",(ABS(F21)-1/(2*$B$8))/SQRT(D21*(1-D21)/$B$8)) | H21: =IF($B$8=0,"",IF(G21>$B$6,"ALERTA","ok")) | I21: =IF($B$8=0,0,(B21-E21)^2/E21) | J21: =ABS(F21)
A22: 5 | B22: =COUNTIF(Dados!$[1, 2, 3, 4, 5, 6, 7, 8, 9]$5:$[1, 2, 3, 4, 5, 6, 7, 8, 9]$5004,A22) | C22: =IF($B$8=0,0,B22/$B$8) | D22: =LOG10(1+1/A22) | E22: =D22*$B$8 | F22: =C22-D22 | G22: =IF($B$8=0,"",(ABS(F22)-1/(2*$B$8))/SQRT(D22*(1-D22)/$B$8)) | H22: =IF($B$8=0,"",IF(G22>$B$6,"ALERTA","ok")) | I22: =IF($B$8=0,0,(B22-E22)^2/E22) | J22: =ABS(F22)
A23: 6 | B23: =COUNTIF(Dados!$[1, 2, 3, 4, 5, 6, 7, 8, 9]$5:$[1, 2, 3, 4, 5, 6, 7, 8, 9]$5004,A23) | C23: =IF($B$8=0,0,B23/$B$8) | D23: =LOG10(1+1/A23) | E23: =D23*$B$8 | F23: =C23-D23 | G23: =IF($B$8=0,"",(ABS(F23)-1/(2*$B$8))/SQRT(D23*(1-D23)/$B$8)) | H23: =IF($B$8=0,"",IF(G23>$B$6,"ALERTA","ok")) | I23: =IF($B$8=0,0,(B23-E23)^2/E23) | J23: =ABS(F23)
A24: 7 | B24: =COUNTIF(Dados!$[1, 2, 3, 4, 5, 6, 7, 8, 9]$5:$[1, 2, 3, 4, 5, 6, 7, 8, 9]$5004,A24) | C24: =IF($B$8=0,0,B24/$B$8) | D24: =LOG10(1+1/A24) | E24: =D24*$B$8 | F24: =C24-D24 | G24: =IF($B$8=0,"",(ABS(F24)-1/(2*$B$8))/SQRT(D24*(1-D24)/$B$8)) | H24: =IF($B$8=0,"",IF(G24>$B$6,"ALERTA","ok")) | I24: =IF($B$8=0,0,(B24-E24)^2/E24) | J24: =ABS(F24)
A25: 8 | B25: =COUNTIF(Dados!$[1, 2, 3, 4, 5, 6, 7, 8, 9]$5:$[1, 2, 3, 4, 5, 6, 7, 8, 9]$5004,A25) | C25: =IF($B$8=0,0,B25/$B$8) | D25: =LOG10(1+1/A25) | E25: =D25*$B$8 | F25: =C25-D25 | G25: =IF($B$8=0,"",(ABS(F25)-1/(2*$B$8))/SQRT(D25*(1-D25)/$B$8)) | H25: =IF($B$8=0,"",IF(G25>$B$6,"ALERTA","ok")) | I25: =IF($B$8=0,0,(B25-E25)^2/E25) | J25: =ABS(F25)
A26: 9 | B26: =COUNTIF(Dados!$[1, 2, 3, 4, 5, 6, 7, 8, 9]$5:$[1, 2, 3, 4, 5, 6, 7, 8, 9]$5004,A26) | C26: =IF($B$8=0,0,B26/$B$8) | D26: =LOG10(1+1/A26) | E26: =D26*$B$8 | F26: =C26-D26 | G26: =IF($B$8=0,"",(ABS(F26)-1/(2*$B$8))/SQRT(D26*(1-D26)/$B$8)) | H26: =IF($B$8=0,"",IF(G26>$B$6,"ALERTA","ok")) | I26: =IF($B$8=0,0,(B26-E26)^2/E26) | J26: =ABS(F26)
A27: Total | B27: =SUM(B18:B26) | C27: =SUM(C18:C26) | D27: =SUM(D18:D26) | E27: =SUM(E18:E26) | I27: =SUM(I18:I26)

Sheet Benford_2D
A1: LEI DE BENFORD — 2 PRIMEIROS DÍGITOS
A3: Cliente | B3: =Benford_1D!B3&""
A4: Período | B4: =Benford_1D!B4&""
A5: Valor mínimo considerado (R$) | B5: =Benford_1D!B5
A6: Z crítico (95% = 1,96) | B6: =Benford_1D!B6
A8: Lançamentos analisados (n) | B8: =COUNT(Dados![10, 11, 12, 13, 14, 15, 16, 17, 18, 19, 20, 21, 22, 23, 24, 25, 26, 27, 28, 29, 30, 31, 32, 33, 34, 35, 36, 37, 38, 39, 40, 41, 42, 43, 44, 45, 46, 47, 48, 49, 50, 51, 52, 53, 54, 55, 56, 57, 58, 59, 60, 61, 62, 63, 64, 65, 66, 67, 68, 69, 70, 71, 72, 73, 74, 75, 76, 77, 78, 79, 80, 81, 82, 83, 84, 85, 86, 87, 88, 89, 90, 91, 92, 93, 94, 95, 96, 97, 98, 99]5:[10, 11, 12, 13, 14, 15, 16, 17, 18, 19, 20, 21, 22, 23, 24, 25, 26, 27, 28, 29, 30, 31, 32, 33, 34, 35, 36, 37, 38, 39, 40, 41, 42, 43, 44, 45, 46, 47, 48, 49, 50, 51, 52, 53, 54, 55, 56, 57, 58, 59, 60, 61, 62, 63, 64, 65, 66, 67, 68, 69, 70, 71, 72, 73, 74, 75, 76, 77, 78, 79, 80, 81, 82, 83, 84, 85, 86, 87, 88, 89, 90, 91, 92, 93, 94, 95, 96, 97, 98, 99]5004)
A9: Qui-quadrado (χ²) | B9: =SUM(I18:I107)
A10: p-valor (gl=89) | B10: =IF(B8=0,"",CHIDIST(B9,89))
A11: MAD (desvio médio absoluto) | B11: =IF(B8=0,"",AVERAGE(J18:J107))
A12: Conformidade (MAD) | B12: =IF(B8=0,"Sem dados",IF(B11<=0.0012,"Conformidade estreita",IF(B11<=0.0018,"Conformidade aceitável",IF(B11<=0.0022,"Conformidade marginal","NÃO CONFORMIDADE — investigar"))))
A13: Teste χ² (5%) | B13: =IF(B8=0,"Sem dados",IF(B10<0.05,"Rejeita Benford (p<5%)","Não rejeita Benford"))
A14: Qualidade da amostra | B14: =IF(B8<1000,"ATENÇÃO: amostra pequena (mín. 1000)","Tamanho adequado")
A15: Dígitos em alerta (|Z|>crítico) | B15: =COUNTIF(H18:H107,"ALERTA")
A17: 2 dígitos | B17: Qtd observada | C17: % observado | D17: % esperado (Benford) | E17: Qtd esperada | F17: Desvio (obs−esp) | G17: Z | H17: Alerta | I17: χ² parcial | J17: |Desvio|
A18: 10 | B18: =COUNTIF(Dados!$[10, 11, 12, 13, 14, 15, 16, 17, 18, 19, 20, 21, 22, 23, 24, 25, 26, 27, 28, 29, 30, 31, 32, 33, 34, 35, 36, 37, 38, 39, 40, 41, 42, 43, 44, 45, 46, 47, 48, 49, 50, 51, 52, 53, 54, 55, 56, 57, 58, 59, 60, 61, 62, 63, 64, 65, 66, 67, 68, 69, 70, 71, 72, 73, 74, 75, 76, 77, 78, 79, 80, 81, 82, 83, 84, 85, 86, 87, 88, 89, 90, 91, 92, 93, 94, 95, 96, 97, 98, 99]$5:$[10, 11, 12, 13, 14, 15, 16, 17, 18, 19, 20, 21, 22, 23, 24, 25, 26, 27, 28, 29, 30, 31, 32, 33, 34, 35, 36, 37, 38, 39, 40, 41, 42, 43, 44, 45, 46, 47, 48, 49, 50, 51, 52, 53, 54, 55, 56, 57, 58, 59, 60, 61, 62, 63, 64, 65, 66, 67, 68, 69, 70, 71, 72, 73, 74, 75, 76, 77, 78, 79, 80, 81, 82, 83, 84, 85, 86, 87, 88, 89, 90, 91, 92, 93, 94, 95, 96, 97, 98, 99]$5004,A18) | C18: =IF($B$8=0,0,B18/$B$8) | D18: =LOG10(1+1/A18) | E18: =D18*$B$8 | F18: =C18-D18 | G18: =IF($B$8=0,"",(ABS(F18)-1/(2*$B$8))/SQRT(D18*(1-D18)/$B$8)) | H18: =IF($B$8=0,"",IF(G18>$B$6,"ALERTA","ok")) | I18: =IF($B$8=0,0,(B18-E18)^2/E18) | J18: =ABS(F18)
A19: 11 | B19: =COUNTIF(Dados!$[10, 11, 12, 13, 14, 15, 16, 17, 18, 19, 20, 21, 22, 23, 24, 25, 26, 27, 28, 29, 30, 31, 32, 33, 34, 35, 36, 37, 38, 39, 40, 41, 42, 43, 44, 45, 46, 47, 48, 49, 50, 51, 52, 53, 54, 55, 56, 57, 58, 59, 60, 61, 62, 63, 64, 65, 66, 67, 68, 69, 70, 71, 72, 73, 74, 75, 76, 77, 78, 79, 80, 81, 82, 83, 84, 85, 86, 87, 88, 89, 90, 91, 92, 93, 94, 95, 96, 97, 98, 99]$5:$[10, 11, 12, 13, 14, 15, 16, 17, 18, 19, 20, 21, 22, 23, 24, 25, 26, 27, 28, 29, 30, 31, 32, 33, 34, 35, 36, 37, 38, 39, 40, 41, 42, 43, 44, 45, 46, 47, 48, 49, 50, 51, 52, 53, 54, 55, 56, 57, 58, 59, 60, 61, 62, 63, 64, 65, 66, 67, 68, 69, 70, 71, 72, 73, 74, 75, 76, 77, 78, 79, 80, 81, 82, 83, 84, 85, 86, 87, 88, 89, 90, 91, 92, 93, 94, 95, 96, 97, 98, 99]$5004,A19) | C19: =IF($B$8=0,0,B19/$B$8) | D19: =LOG10(1+1/A19) | E19: =D19*$B$8 | F19: =C19-D19 | G19: =IF($B$8=0,"",(ABS(F19)-1/(2*$B$8))/SQRT(D19*(1-D19)/$B$8)) | H19: =IF($B$8=0,"",IF(G19>$B$6,"ALERTA","ok")) | I19: =IF($B$8=0,0,(B19-E19)^2/E19) | J19: =ABS(F19)
A20: 12 | B20: =COUNTIF(Dados!$[10, 11, 12, 13, 14, 15, 16, 17, 18, 19, 20, 21, 22, 23, 24, 25, 26, 27, 28, 29, 30, 31, 32, 33, 34, 35, 36, 37, 38, 39, 40, 41, 42, 43, 44, 45, 46, 47, 48, 49, 50, 51, 52, 53, 54, 55, 56, 57, 58, 59, 60, 61, 62, 63, 64, 65, 66, 67, 68, 69, 70, 71, 72, 73, 74, 75, 76, 77, 78, 79, 80, 81, 82, 83, 84, 85, 86, 87, 88, 89, 90, 91, 92, 93, 94, 95, 96, 97, 98, 99]$5:$[10, 11, 12, 13, 14, 15, 16, 17, 18, 19, 20, 21, 22, 23, 24, 25, 26, 27, 28, 29, 30, 31, 32, 33, 34, 35, 36, 37, 38, 39, 40, 41, 42, 43, 44, 45, 46, 47, 48, 49, 50, 51, 52, 53, 54, 55, 56, 57, 58, 59, 60, 61, 62, 63, 64, 65, 66, 67, 68, 69, 70, 71, 72, 73, 74, 75, 76, 77, 78, 79, 80, 81, 82, 83, 84, 85, 86, 87, 88, 89, 90, 91, 92, 93, 94, 95, 96, 97, 98, 99]$5004,A20) | C20: =IF($B$8=0,0,B20/$B$8) | D20: =LOG10(1+1/A20) | E20: =D20*$B$8 | F20: =C20-D20 | G20: =IF($B$8=0,"",(ABS(F20)-1/(2*$B$8))/SQRT(D20*(1-D20)/$B$8)) | H20: =IF($B$8=0,"",IF(G20>$B$6,"ALERTA","ok")) | I20: =IF($B$8=0,0,(B20-E20)^2/E20) | J20: =ABS(F20)
A21: 13 | B21: =COUNTIF(Dados!$[10, 11, 12, 13, 14, 15, 16, 17, 18, 19, 20, 21, 22, 23, 24, 25, 26, 27, 28, 29, 30, 31, 32, 33, 34, 35, 36, 37, 38, 39, 40, 41, 42, 43, 44, 45, 46, 47, 48, 49, 50, 51, 52, 53, 54, 55, 56, 57, 58, 59, 60, 61, 62, 63, 64, 65, 66, 67, 68, 69, 70, 71, 72, 73, 74, 75, 76, 77, 78, 79, 80, 81, 82, 83, 84, 85, 86, 87, 88, 89, 90, 91, 92, 93, 94, 95, 96, 97, 98, 99]$5:$[10, 11, 12, 13, 14, 15, 16, 17, 18, 19, 20, 21, 22, 23, 24, 25, 26, 27, 28, 29, 30, 31, 32, 33, 34, 35, 36, 37, 38, 39, 40, 41, 42, 43, 44, 45, 46, 47, 48, 49, 50, 51, 52, 53, 54, 55, 56, 57, 58, 59, 60, 61, 62, 63, 64, 65, 66, 67, 68, 69, 70, 71, 72, 73, 74, 75, 76, 77, 78, 79, 80, 81, 82, 83, 84, 85, 86, 87, 88, 89, 90, 91, 92, 93, 94, 95, 96, 97, 98, 99]$5004,A21) | C21: =IF($B$8=0,0,B21/$B$8) | D21: =LOG10(1+1/A21) | E21: =D21*$B$8 | F21: =C21-D21 | G21: =IF($B$8=0,"",(ABS(F21)-1/(2*$B$8))/SQRT(D21*(1-D21)/$B$8)) | H21: =IF($B$8=0,"",IF(G21>$B$6,"ALERTA","ok")) | I21: =IF($B$8=0,0,(B21-E21)^2/E21) | J21: =ABS(F21)
A22: 14 | B22: =COUNTIF(Dados!$[10, 11, 12, 13, 14, 15, 16, 17, 18, 19, 20, 21, 22, 23, 24, 25, 26, 27, 28, 29, 30, 31, 32, 33, 34, 35, 36, 37, 38, 39, 40, 41, 42, 43, 44, 45, 46, 47, 48, 49, 50, 51, 52, 53, 54, 55, 56, 57, 58, 59, 60, 61, 62, 63, 64, 65, 66, 67, 68, 69, 70, 71, 72, 73, 74, 75, 76, 77, 78, 79, 80, 81, 82, 83, 84, 85, 86, 87, 88, 89, 90, 91, 92, 93, 94, 95, 96, 97, 98, 99]$5:$[10, 11, 12, 13, 14, 15, 16, 17, 18, 19, 20, 21, 22, 23, 24, 25, 26, 27, 28, 29, 30, 31, 32, 33, 34, 35, 36, 37, 38, 39, 40, 41, 42, 43, 44, 45, 46, 47, 48, 49, 50, 51, 52, 53, 54, 55, 56, 57, 58, 59, 60, 61, 62, 63, 64, 65, 66, 67, 68, 69, 70, 71, 72, 73, 74, 75, 76, 77, 78, 79, 80, 81, 82, 83, 84, 85, 86, 87, 88, 89, 90, 91, 92, 93, 94, 95, 96, 97, 98, 99]$5004,A22) | C22: =IF($B$8=0,0,B22/$B$8) | D22: =LOG10(1+1/A22) | E22: =D22*$B$8 | F22: =C22-D22 | G22: =IF($B$8=0,"",(ABS(F22)-1/(2*$B$8))/SQRT(D22*(1-D22)/$B$8)) | H22: =IF($B$8=0,"",IF(G22>$B$6,"ALERTA","ok")) | I22: =IF($B$8=0,0,(B22-E22)^2/E22) | J22: =ABS(F22)
A23: 15 | B23: =COUNTIF(Dados!$[10, 11, 12, 13, 14, 15, 16, 17, 18, 19, 20, 21, 22, 23, 24, 25, 26, 27, 28, 29, 30, 31, 32, 33, 34, 35, 36, 37, 38, 39, 40, 41, 42, 43, 44, 45, 46, 47, 48, 49, 50, 51, 52, 53, 54, 55, 56, 57, 58, 59, 60, 61, 62, 63, 64, 65, 66, 67, 68, 69, 70, 71, 72, 73, 74, 75, 76, 77, 78, 79, 80, 81, 82, 83, 84, 85, 86, 87, 88, 89, 90, 91, 92, 93, 94, 95, 96, 97, 98, 99]$5:$[10, 11, 12, 13, 14, 15, 16, 17, 18, 19, 20, 21, 22, 23, 24, 25, 26, 27, 28, 29, 30, 31, 32, 33, 34, 35, 36, 37, 38, 39, 40, 41, 42, 43, 44, 45, 46, 47, 48, 49, 50, 51, 52, 53, 54, 55, 56, 57, 58, 59, 60, 61, 62, 63, 64, 65, 66, 67, 68, 69, 70, 71, 72, 73, 74, 75, 76, 77, 78, 79, 80, 81, 82, 83, 84, 85, 86, 87, 88, 89, 90, 91, 92, 93, 94, 95, 96, 97, 98, 99]$5004,A23) | C23: =IF($B$8=0,0,B23/$B$8) | D23: =LOG10(1+1/A23) | E23: =D23*$B$8 | F23: =C23-D23 | G23: =IF($B$8=0,"",(ABS(F23)-1/(2*$B$8))/SQRT(D23*(1-D23)/$B$8)) | H23: =IF($B$8=0,"",IF(G23>$B$6,"ALERTA","ok")) | I23: =IF($B$8=0,0,(B23-E23)^2/E23) | J23: =ABS(F23)
A24: 16 | B24: =COUNTIF(Dados!$[10, 11, 12, 13, 14, 15, 16, 17, 18, 19, 20, 21, 22, 23, 24, 25, 26, 27, 28, 29, 30, 31, 32, 33, 34, 35, 36, 37, 38, 39, 40, 41, 42, 43, 44, 45, 46, 47, 48, 49, 50, 51, 52, 53, 54, 55, 56, 57, 58, 59, 60, 61, 62, 63, 64, 65, 66, 67, 68, 69, 70, 71, 72, 73, 74, 75, 76, 77, 78, 79, 80, 81, 82, 83, 84, 85, 86, 87, 88, 89, 90, 91, 92, 93, 94, 95, 96, 97, 98, 99]$5:$[10, 11, 12, 13, 14, 15, 16, 17, 18, 19, 20, 21, 22, 23, 24, 25, 26, 27, 28, 29, 30, 31, 32, 33, 34, 35, 36, 37, 38, 39, 40, 41, 42, 43, 44, 45, 46, 47, 48, 49, 50, 51, 52, 53, 54, 55, 56, 57, 58, 59, 60, 61, 62, 63, 64, 65, 66, 67, 68, 69, 70, 71, 72, 73, 74, 75, 76, 77, 78, 79, 80, 81, 82, 83, 84, 85, 86, 87, 88, 89, 90, 91, 92, 93, 94, 95, 96, 97, 98, 99]$5004,A24) | C24: =IF($B$8=0,0,B24/$B$8) | D24: =LOG10(1+1/A24) | E24: =D24*$B$8 | F24: =C24-D24 | G24: =IF($B$8=0,"",(ABS(F24)-1/(2*$B$8))/SQRT(D24*(1-D24)/$B$8)) | H24: =IF($B$8=0,"",IF(G24>$B$6,"ALERTA","ok")) | I24: =IF($B$8=0,0,(B24-E24)^2/E24) | J24: =ABS(F24)
A25: 17 | B25: =COUNTIF(Dados!$[10, 11, 12, 13, 14, 15, 16, 17, 18, 19, 20, 21, 22, 23, 24, 25, 26, 27, 28, 29, 30, 31, 32, 33, 34, 35, 36, 37, 38, 39, 40, 41, 42, 43, 44, 45, 46, 47, 48, 49, 50, 51, 52, 53, 54, 55, 56, 57, 58, 59, 60, 61, 62, 63, 64, 65, 66, 67, 68, 69, 70, 71, 72, 73, 74, 75, 76, 77, 78, 79, 80, 81, 82, 83, 84, 85, 86, 87, 88, 89, 90, 91, 92, 93, 94, 95, 96, 97, 98, 99]$5:$[10, 11, 12, 13, 14, 15, 16, 17, 18, 19, 20, 21, 22, 23, 24, 25, 26, 27, 28, 29, 30, 31, 32, 33, 34, 35, 36, 37, 38, 39, 40, 41, 42, 43, 44, 45, 46, 47, 48, 49, 50, 51, 52, 53, 54, 55, 56, 57, 58, 59, 60, 61, 62, 63, 64, 65, 66, 67, 68, 69, 70, 71, 72, 73, 74, 75, 76, 77, 78, 79, 80, 81, 82, 83, 84, 85, 86, 87, 88, 89, 90, 91, 92, 93, 94, 95, 96, 97, 98, 99]$5004,A25) | C25: =IF($B$8=0,0,B25/$B$8) | D25: =LOG10(1+1/A25) | E25: =D25*$B$8 | F25: =C25-D25 | G25: =IF($B$8=0,"",(ABS(F25)-1/(2*$B$8))/SQRT(D25*(1-D25)/$B$8)) | H25: =IF($B$8=0,"",IF(G25>$B$6,"ALERTA","ok")) | I25: =IF($B$8=0,0,(B25-E25)^2/E25) | J25: =ABS(F25)
A26: 18 | B26: =COUNTIF(Dados!$[10, 11, 12, 13, 14, 15, 16, 17, 18, 19, 20, 21, 22, 23, 24, 25, 26, 27, 28, 29, 30, 31, 32, 33, 34, 35, 36, 37, 38, 39, 40, 41, 42, 43, 44, 45, 46, 47, 48, 49, 50, 51, 52, 53, 54, 55, 56, 57, 58, 59, 60, 61, 62, 63, 64, 65, 66, 67, 68, 69, 70, 71, 72, 73, 74, 75, 76, 77, 78, 79, 80, 81, 82, 83, 84, 85, 86, 87, 88, 89, 90, 91, 92, 93, 94, 95, 96, 97, 98, 99]$5:$[10, 11, 12, 13, 14, 15, 16, 17, 18, 19, 20, 21, 22, 23, 24, 25, 26, 27, 28, 29, 30, 31, 32, 33, 34, 35, 36, 37, 38, 39, 40, 41, 42, 43, 44, 45, 46, 47, 48, 49, 50, 51, 52, 53, 54, 55, 56, 57, 58, 59, 60, 61, 62, 63, 64, 65, 66, 67, 68, 69, 70, 71, 72, 73, 74, 75, 76, 77, 78, 79, 80, 81, 82, 83, 84, 85, 86, 87, 88, 89, 90, 91, 92, 93, 94, 95, 96, 97, 98, 99]$5004,A26) | C26: =IF($B$8=0,0,B26/$B$8) | D26: =LOG10(1+1/A26) | E26: =D26*$B$8 | F26: =C26-D26 | G26: =IF($B$8=0,"",(ABS(F26)-1/(2*$B$8))/SQRT(D26*(1-D26)/$B$8)) | H26: =IF($B$8=0,"",IF(G26>$B$6,"ALERTA","ok")) | I26: =IF($B$8=0,0,(B26-E26)^2/E26) | J26: =ABS(F26)
A27: 19 | B27: =COUNTIF(Dados!$[10, 11, 12, 13, 14, 15, 16, 17, 18, 19, 20, 21, 22, 23, 24, 25, 26, 27, 28, 29, 30, 31, 32, 33, 34, 35, 36, 37, 38, 39, 40, 41, 42, 43, 44, 45, 46, 47, 48, 49, 50, 51, 52, 53, 54, 55, 56, 57, 58, 59, 60, 61, 62, 63, 64, 65, 66, 67, 68, 69, 70, 71, 72, 73, 74, 75, 76, 77, 78, 79, 80, 81, 82, 83, 84, 85, 86, 87, 88, 89, 90, 91, 92, 93, 94, 95, 96, 97, 98, 99]$5:$[10, 11, 12, 13, 14, 15, 16, 17, 18, 19, 20, 21, 22, 23, 24, 25, 26, 27, 28, 29, 30, 31, 32, 33, 34, 35, 36, 37, 38, 39, 40, 41, 42, 43, 44, 45, 46, 47, 48, 49, 50, 51, 52, 53, 54, 55, 56, 57, 58, 59, 60, 61, 62, 63, 64, 65, 66, 67, 68, 69, 70, 71, 72, 73, 74, 75, 76, 77, 78, 79, 80, 81, 82, 83, 84, 85, 86, 87, 88, 89, 90, 91, 92, 93, 94, 95, 96, 97, 98, 99]$5004,A27) | C27: =IF($B$8=0,0,B27/$B$8) | D27: =LOG10(1+1/A27) | E27: =D27*$B$8 | F27: =C27-D27 | G27: =IF($B$8=0,"",(ABS(F27)-1/(2*$B$8))/SQRT(D27*(1-D27)/$B$8)) | H27: =IF($B$8=0,"",IF(G27>$B$6,"ALERTA","ok")) | I27: =IF($B$8=0,0,(B27-E27)^2/E27) | J27: =ABS(F27)
A28: 20 | B28: =COUNTIF(Dados!$[10, 11, 12, 13, 14, 15, 16, 17, 18, 19, 20, 21, 22, 23, 24, 25, 26, 27, 28, 29, 30, 31, 32, 33, 34, 35, 36, 37, 38, 39, 40, 41, 42, 43, 44, 45, 46, 47, 48, 49, 50, 51, 52, 53, 54, 55, 56, 57, 58, 59, 60, 61, 62, 63, 64, 65, 66, 67, 68, 69, 70, 71, 72, 73, 74, 75, 76, 77, 78, 79, 80, 81, 82, 83, 84, 85, 86, 87, 88, 89, 90, 91, 92, 93, 94, 95, 96, 97, 98, 99]$5:$[10, 11, 12, 13, 14, 15, 16, 17, 18, 19, 20, 21, 22, 23, 24, 25, 26, 27, 28, 29, 30, 31, 32, 33, 34, 35, 36, 37, 38, 39, 40, 41, 42, 43, 44, 45, 46, 47, 48, 49, 50, 51, 52, 53, 54, 55, 56, 57, 58, 59, 60, 61, 62, 63, 64, 65, 66, 67, 68, 69, 70, 71, 72, 73, 74, 75, 76, 77, 78, 79, 80, 81, 82, 83, 84, 85, 86, 87, 88, 89, 90, 91, 92, 93, 94, 95, 96, 97, 98, 99]$5004,A28) | C28: =IF($B$8=0,0,B28/$B$8) | D28: =LOG10(1+1/A28) | E28: =D28*$B$8 | F28: =C28-D28 | G28: =IF($B$8=0,"",(ABS(F28)-1/(2*$B$8))/SQRT(D28*(1-D28)/$B$8)) | H28: =IF($B$8=0,"",IF(G28>$B$6,"ALERTA","ok")) | I28: =IF($B$8=0,0,(B28-E28)^2/E28) | J28: =ABS(F28)
A29: 21 | B29: =COUNTIF(Dados!$[10, 11, 12, 13, 14, 15, 16, 17, 18, 19, 20, 21, 22, 23, 24, 25, 26, 27, 28, 29, 30, 31, 32, 33, 34, 35, 36, 37, 38, 39, 40, 41, 42, 43, 44, 45, 46, 47, 48, 49, 50, 51, 52, 53, 54, 55, 56, 57, 58, 59, 60, 61, 62, 63, 64, 65, 66, 67, 68, 69, 70, 71, 72, 73, 74, 75, 76, 77, 78, 79, 80, 81, 82, 83, 84, 85, 86, 87, 88, 89, 90, 91, 92, 93, 94, 95, 96, 97, 98, 99]$5:$[10, 11, 12, 13, 14, 15, 16, 17, 18, 19, 20, 21, 22, 23, 24, 25, 26, 27, 28, 29, 30, 31, 32, 33, 34, 35, 36, 37, 38, 39, 40, 41, 42, 43, 44, 45, 46, 47, 48, 49, 50, 51, 52, 53, 54, 55, 56, 57, 58, 59, 60, 61, 62, 63, 64, 65, 66, 67, 68, 69, 70, 71, 72, 73, 74, 75, 76, 77, 78, 79, 80, 81, 82, 83, 84, 85, 86, 87, 88, 89, 90, 91, 92, 93, 94, 95, 96, 97, 98, 99]$5004,A29) | C29: =IF($B$8=0,0,B29/$B$8) | D29: =LOG10(1+1/A29) | E29: =D29*$B$8 | F29: =C29-D29 | G29: =IF($B$8=0,"",(ABS(F29)-1/(2*$B$8))/SQRT(D29*(1-D29)/$B$8)) | H29: =IF($B$8=0,"",IF(G29>$B$6,"ALERTA","ok")) | I29: =IF($B$8=0,0,(B29-E29)^2/E29) | J29: =ABS(F29)
... A107: 99 | B107: =COUNTIF(Dados!$[10, 11, 12, 13, 14, 15, 16, 17, 18, 19, 20, 21, 22, 23, 24, 25, 26, 27, 28, 29, 30, 31, 32, 33, 34, 35, 36, 37, 38, 39, 40, 41, 42, 43, 44, 45, 46, 47, 48, 49, 50, 51, 52, 53, 54, 55, 56, 57, 58, 59, 60, 61, 62, 63, 64, 65, 66, 67, 68, 69, 70, 71, 72, 73, 74, 75, 76, 77, 78, 79, 80, 81, 82, 83, 84, 85, 86, 87, 88, 89, 90, 91, 92, 93, 94, 95, 96, 97, 98, 99]$5:$[10, 11, 12, 13, 14, 15, 16, 17, 18, 19, 20, 21, 22, 23, 24, 25, 26, 27, 28, 29, 30, 31, 32, 33, 34, 35, 36, 37, 38, 39, 40, 41, 42, 43, 44, 45, 46, 47, 48, 49, 50, 51, 52, 53, 54, 55, 56, 57, 58, 59, 60, 61, 62, 63, 64, 65, 66, 67, 68, 69, 70, 71, 72, 73, 74, 75, 76, 77, 78, 79, 80, 81, 82, 83, 84, 85, 86, 87, 88, 89, 90, 91, 92, 93, 94, 95, 96, 97, 98, 99]$5004,A107) | C107: =IF($B$8=0,0,B107/$B$8) | D107: =LOG10(1+1/A107) | E107: =D107*$B$8 | F107: =C107-D107 | G107: =IF($B$8=0,"",(ABS(F107)-1/(2*$B$8))/SQRT(D107*(1-D107)/$B$8)) | H107: =IF($B$8=0,"",IF(G107>$B$6,"ALERTA","ok")) | I107: =IF($B$8=0,0,(B107-E107)^2/E107) | J107: =ABS(F107)
A108: Total | B108: =SUM(B18:B107) | C108: =SUM(C18:C107) | D108: =SUM(D18:D107) | E108: =SUM(E18:E107) | I108: =SUM(I18:I107)
